{"cameraMode":{"drawMode":0,"name":"Shaded","section":"Shading Mode"},"sceneLighting":true,"audioPlay":false,"sceneViewState":{"showFog":true,"showMaterialUpdate":false,"showSkybox":true,"showFlares":true,"showImageEffects":true,"showParticleSystems":true},"in2DMode":false,"pivot":{"x":7.963963985443115,"y":8.7573823928833,"z":3.6503944396972658},"rotation":{"x":-0.33708927035331728,"y":-0.5255377888679504,"z":0.23811927437782288,"w":-0.7439624667167664},"size":46.90235137939453,"orthographic":false}